{"Phase 1 Loss": 0.0, "Phase 1 COMPOSITE_REFL_10CM": 0.0, "_timestamp": 1716405834.7447062, "_runtime": 60.90057325363159, "_step": 0, "_wandb": {"runtime": 69}}