{"Phase 1 Loss": 14.130185708403587, "Phase 1 COMPOSITE_REFL_10CM": 1.413018573075533, "_timestamp": 1716389817.93122, "_runtime": 81.0280590057373, "_step": 0, "_wandb": {"runtime": 126}}