{"Phase 1 Loss": 3.5113423112779856, "Phase 1 COMPOSITE_REFL_10CM": 0.35113423014990985, "_timestamp": 1716606852.678917, "_runtime": 1077.0712678432465, "_step": 19, "Phase 2 Loss": 2.664948670193553, "Phase 2 COMPOSITE_REFL_10CM": 0.2664948656456545, "_wandb": {"runtime": 1077}}