{"Phase 1 Loss": 4.475064372643828, "Phase 1 COMPOSITE_REFL_10CM": 0.44750643870793283, "_timestamp": 1716257021.5094168, "_runtime": 561.501298904419, "_step": 9, "Phase 2 Loss": 3.341067388653755, "Phase 2 COMPOSITE_REFL_10CM": 0.3341067401925102, "_wandb": {"runtime": 561}}