{"Phase 1 Loss": 0.8485255716368556, "Phase 1 COMPOSITE_REFL_10CM": 0.08485255716368556, "_timestamp": 1716549441.1532016, "_runtime": 580.8157196044922, "_step": 9, "Phase 2 Loss": 0.9727366408333182, "Phase 2 COMPOSITE_REFL_10CM": 0.09727366419974715, "_wandb": {"runtime": 581}}