{"Phase 1 Loss": 1.0167259387671947, "Phase 1 COMPOSITE_REFL_10CM": 0.10167259385343641, "_timestamp": 1716559750.805011, "_runtime": 359.2639989852905, "_step": 5, "Phase 2 Loss": 0.6173142632469535, "Phase 2 COMPOSITE_REFL_10CM": 0.06173142627812922, "_wandb": {"runtime": 359}}