{"Phase 1 Loss": 1.0290029398165643, "Phase 1 COMPOSITE_REFL_10CM": 0.1029002940049395, "_timestamp": 1716559203.2812843, "_runtime": 360.5192952156067, "_step": 5, "Phase 2 Loss": 0.6357705662958324, "Phase 2 COMPOSITE_REFL_10CM": 0.06357705662958324, "_wandb": {"runtime": 360}}