{"Phase 1 Loss": 0.0, "Phase 1 COMPOSITE_REFL_10CM": 0.0, "_timestamp": 1716407750.9635518, "_runtime": 70.72784876823425, "_step": 0, "_wandb": {"runtime": 94}}