{"Phase 1 Loss": 1.873589270748198, "Phase 1 COMPOSITE_REFL_10CM": 0.18735892826225609, "_timestamp": 1716585578.717118, "_runtime": 1214.338525056839, "_step": 19, "Phase 2 Loss": 1.4559340830892324, "Phase 2 COMPOSITE_REFL_10CM": 0.14559340866981074, "_wandb": {"runtime": 1214}}