{"Phase 1 Loss": 0.0, "Phase 1 COMPOSITE_REFL_10CM": 0.0, "_timestamp": 1716492592.5332053, "_runtime": 81.57182025909424, "_step": 0, "_wandb": {"runtime": 104}}