{"Phase 1 Loss": 1.8211489021778107, "Phase 1 COMPOSITE_REFL_10CM": 0.18211489042732865, "_timestamp": 1716560269.4646814, "_runtime": 354.54169845581055, "_step": 5, "Phase 2 Loss": 1.4978374103084207, "Phase 2 COMPOSITE_REFL_10CM": 0.14978374086786062, "_wandb": {"runtime": 354}}