{"Phase 1 Loss": 1.2407223442569375, "Phase 1 COMPOSITE_REFL_10CM": 0.1240703942021355, "_timestamp": 1716497594.923575, "_runtime": 809.5096719264984, "_step": 14, "Phase 2 Loss": 0.8136377749033272, "Phase 2 COMPOSITE_REFL_10CM": 0.0813678078702651, "Phase 3 Loss": 0.7358705075457692, "Phase 3 COMPOSITE_REFL_10CM": 0.07359056052519009, "_wandb": {"runtime": 810}}