{"Phase 1 Loss": 6.853247415274382, "Phase 1 COMPOSITE_REFL_10CM": 0.6853247415274382, "_timestamp": 1716501150.7134387, "_runtime": 81.98816275596619, "_step": 0, "_wandb": {"runtime": 110}}