{"Phase 1 Loss": 2.63555611576885, "Phase 1 COMPOSITE_REFL_10CM": 0.26355561229866, "_timestamp": 1716578055.5675428, "_runtime": 1132.615612745285, "_step": 19, "Phase 2 Loss": 1.9748575473204255, "Phase 2 COMPOSITE_REFL_10CM": 0.1974857539171353, "_wandb": {"runtime": 1132}}