{"Phase 1 Loss": 0.8558507030829787, "Phase 1 COMPOSITE_REFL_10CM": 0.08558507030829787, "_timestamp": 1716556744.8500538, "_runtime": 304.05329990386963, "_step": 4, "_wandb": {"runtime": 303}}