{"Phase 1 Loss": 9.31981086730957, "Phase 1 COMPOSITE_REFL_10CM": 0.931981086730957, "_timestamp": 1716556390.0416272, "_runtime": 184.47624826431274, "_step": 2, "_wandb": {"runtime": 188}}