{"Phase 1 Loss": 0.7358308816328645, "Phase 1 COMPOSITE_REFL_10CM": 0.07358261995250359, "_timestamp": 1716479855.5354967, "_runtime": 552.0881876945496, "_step": 9, "Phase 2 Loss": 0.5430709382053465, "Phase 2 COMPOSITE_REFL_10CM": 0.05430577558581717, "_wandb": {"runtime": 552}}