{"Phase 1 Loss": 0.0, "Phase 1 COMPOSITE_REFL_10CM": 0.0, "_timestamp": 1716404870.4736898, "_runtime": 428.9275827407837, "_step": 9, "Phase 2 Loss": 0.0, "Phase 2 COMPOSITE_REFL_10CM": 0.0, "_wandb": {"runtime": 433}}