{"Phase 1 Loss": 0.09521484375, "Phase 1 COMPOSITE_REFL_10CM": 0.009521484375, "_timestamp": 1716412805.5221047, "_runtime": 483.2332797050476, "_step": 9, "Phase 2 Loss": 0.09521484375, "Phase 2 COMPOSITE_REFL_10CM": 0.009521484375, "_wandb": {"runtime": 483}}