{"Phase 1 Loss": 1.0266443155705929, "Phase 1 COMPOSITE_REFL_10CM": 0.10266443155705929, "_timestamp": 1716557207.336242, "_runtime": 361.10290694236755, "_step": 5, "Phase 2 Loss": 0.8667410216294229, "Phase 2 COMPOSITE_REFL_10CM": 0.08667410223279148, "_wandb": {"runtime": 361}}