{"Phase 1 Loss": 0.0, "Phase 1 COMPOSITE_REFL_10CM": 0.0, "_timestamp": 1716405575.1974177, "_runtime": 61.13530468940735, "_step": 0, "_wandb": {"runtime": 64}}