{"Phase 1 Loss": 10.0, "Phase 1 COMPOSITE_REFL_10CM": 1.0, "_timestamp": 1716409599.4561868, "_runtime": 112.40858578681946, "_step": 1, "_wandb": {"runtime": 123}}