{"Phase 1 Loss": 3.1130330711603165, "Phase 1 COMPOSITE_REFL_10CM": 0.311303305439651, "_timestamp": 1716579632.8698382, "_runtime": 1115.805251121521, "_step": 19, "Phase 2 Loss": 2.363551435060799, "Phase 2 COMPOSITE_REFL_10CM": 0.23635514406487346, "_wandb": {"runtime": 1116}}