{"Phase 1 Loss": 0.0, "Phase 1 COMPOSITE_REFL_10CM": 0.0, "_timestamp": 1716412114.4946969, "_runtime": 70.611891746521, "_step": 0, "_wandb": {"runtime": 77}}