{"Phase 1 Loss": 0.0, "Phase 1 COMPOSITE_REFL_10CM": 0.0, "_timestamp": 1716407368.7563438, "_runtime": 116.27060675621033, "_step": 1, "_wandb": {"runtime": 137}}