{"Phase 1 Loss": 0.0, "Phase 1 COMPOSITE_REFL_10CM": 0.0, "_timestamp": 1716408476.7363026, "_runtime": 202.97745370864868, "_step": 3, "_wandb": {"runtime": 225}}