{"Phase 1 Loss": 0.0, "Phase 1 COMPOSITE_REFL_10CM": 0.0, "_timestamp": 1716405392.7381306, "_runtime": 102.5656156539917, "_step": 1, "_wandb": {"runtime": 112}}