{"Phase 1 Loss": 4.293724961578846, "Phase 1 COMPOSITE_REFL_10CM": 0.42937249783426523, "_timestamp": 1716597401.9376562, "_runtime": 1070.916608095169, "_step": 19, "Phase 2 Loss": 3.329055180773139, "Phase 2 COMPOSITE_REFL_10CM": 0.3329055169597268, "_wandb": {"runtime": 1071}}