{"Phase 1 Loss": 3.9261745177209377, "Phase 1 COMPOSITE_REFL_10CM": 0.39261745288968086, "_timestamp": 1716599068.4730127, "_runtime": 1075.6171517372131, "_step": 19, "Phase 2 Loss": 3.071680922061205, "Phase 2 COMPOSITE_REFL_10CM": 0.30716809316072613, "_wandb": {"runtime": 1075}}