{"Phase 1 Loss": 14.143336169421673, "Phase 1 COMPOSITE_REFL_10CM": 1.4143336145207286, "_timestamp": 1716374629.3047805, "_runtime": 156.22342157363892, "_step": 0, "_wandb": {"runtime": 193}}