{"Phase 1 Loss": 10.0, "Phase 1 COMPOSITE_REFL_10CM": 1.0, "_timestamp": 1716412268.4360669, "_runtime": 66.15668988227844, "_step": 0, "_wandb": {"runtime": 88}}