{"Phase 1 Loss": 9.313106536865234, "Phase 1 COMPOSITE_REFL_10CM": 0.9313106536865234, "_timestamp": 1716556151.2163289, "_runtime": 290.8050539493561, "_step": 4, "_wandb": {"runtime": 297}}