{"Phase 1 Loss": 4.390426967293024, "Phase 1 COMPOSITE_REFL_10CM": 0.43904269579797983, "_timestamp": 1716499490.6340868, "_runtime": 793.1784858703613, "_step": 14, "Phase 2 Loss": 3.3269274067133665, "Phase 2 COMPOSITE_REFL_10CM": 0.3326927393209189, "Phase 3 Loss": 3.285597188398242, "Phase 3 COMPOSITE_REFL_10CM": 0.32855972088873386, "_wandb": {"runtime": 793}}