{"Phase 1 Loss": 0.0008483571903070697, "Phase 1 COMPOSITE_REFL_10CM": 8.483571912165644e-05, "_timestamp": 1716583407.382434, "_runtime": 1177.3559107780457, "_step": 19, "Phase 2 Loss": 3.196142165018401e-05, "Phase 2 COMPOSITE_REFL_10CM": 3.1961420143833408e-06, "_wandb": {"runtime": 1177}}