{"Phase 1 Loss": 0.0, "Phase 1 COMPOSITE_REFL_10CM": 0.0, "_timestamp": 1716492879.4716191, "_runtime": 79.37429809570312, "_step": 0, "_wandb": {"runtime": 84}}