{"Phase 1 Loss": 9.133193969726562, "Phase 1 COMPOSITE_REFL_10CM": 0.9133667945861816, "_timestamp": 1716501965.4934607, "_runtime": 688.5283615589142, "_step": 14, "Phase 2 Loss": 9.133079528808594, "Phase 2 COMPOSITE_REFL_10CM": 0.9133591651916504, "Phase 3 Loss": 9.133209228515625, "Phase 3 COMPOSITE_REFL_10CM": 0.913362979888916, "_wandb": {"runtime": 688}}