{"Phase 1 Loss": 0.0, "Phase 1 COMPOSITE_REFL_10CM": 0.0, "_timestamp": 1716407516.4417126, "_runtime": 113.05897569656372, "_step": 1, "_wandb": {"runtime": 126}}