{"Phase 1 Loss": 4.148985158652067, "Phase 1 COMPOSITE_REFL_10CM": 0.4148985131178051, "_timestamp": 1716593816.9023173, "_runtime": 1103.1449093818665, "_step": 19, "Phase 2 Loss": 3.205693084746599, "Phase 2 COMPOSITE_REFL_10CM": 0.3205693115014583, "_wandb": {"runtime": 1103}}