{"Phase 1 Loss": 1.483179229311645, "Phase 1 COMPOSITE_REFL_10CM": 0.14831792254699394, "_timestamp": 1716576366.9537551, "_runtime": 1084.712289094925, "_step": 19, "_wandb": {"runtime": 1084}}