{"Phase 1 Loss": 0.0, "Phase 1 COMPOSITE_REFL_10CM": 0.0, "_timestamp": 1716408866.131292, "_runtime": 113.91765904426575, "_step": 1, "_wandb": {"runtime": 122}}