{"Phase 1 Loss": 3.1377747133374214, "Phase 1 COMPOSITE_REFL_10CM": 0.31377747119404376, "_timestamp": 1716609659.2615016, "_runtime": 1099.3314185142517, "_step": 19, "Phase 2 Loss": 2.45581563282758, "Phase 2 COMPOSITE_REFL_10CM": 0.24558156239800155, "_wandb": {"runtime": 1099}}