{"Phase 1 Loss": 0.0, "Phase 1 COMPOSITE_REFL_10CM": 0.0, "_timestamp": 1716405205.116816, "_runtime": 62.022205114364624, "_step": 0, "_wandb": {"runtime": 74}}