{"Phase 1 Loss": 0.7627436798065901, "Phase 1 COMPOSITE_REFL_10CM": 0.07627436798065901, "_timestamp": 1716565106.3701425, "_runtime": 1113.1382184028625, "_step": 19, "_wandb": {"runtime": 1112}}