{"Phase 1 Loss": 0.7528216089121997, "Phase 1 COMPOSITE_REFL_10CM": 0.07528216089121997, "_timestamp": 1716563753.7375147, "_runtime": 1756.357144832611, "_step": 31, "Phase 2 Loss": 0.7609864375554025, "Phase 2 COMPOSITE_REFL_10CM": 0.07609864376718178, "Phase 3 Loss": 0.8831470645964146, "Phase 3 COMPOSITE_REFL_10CM": 0.08831470645964146, "_wandb": {"runtime": 1776}}