{"Phase 1 Loss": 9.74325180053711, "Phase 1 COMPOSITE_REFL_10CM": 0.9743251800537109, "_timestamp": 1716550233.2999198, "_runtime": 562.7148978710175, "_step": 9, "Phase 2 Loss": 9.710607528686523, "Phase 2 COMPOSITE_REFL_10CM": 0.9710607528686523, "_wandb": {"runtime": 562}}