{"Phase 1 Loss": 9.236440658569336, "Phase 1 COMPOSITE_REFL_10CM": 0.9236440658569336, "_timestamp": 1716557667.5324519, "_runtime": 82.39518189430237, "_step": 0, "_wandb": {"runtime": 97}}