{"Phase 1 Loss": 3.6521276384592056, "Phase 1 COMPOSITE_REFL_10CM": 0.3652127629611641, "_timestamp": 1716581716.2950945, "_runtime": 1060.206083536148, "_step": 19, "Phase 2 Loss": 2.899577284231782, "Phase 2 COMPOSITE_REFL_10CM": 0.2899577292846516, "_wandb": {"runtime": 1060}}