{"Phase 1 Loss": 1.241374732926488, "Phase 1 COMPOSITE_REFL_10CM": 0.12413747329264879, "_timestamp": 1716558650.8643365, "_runtime": 353.6559793949127, "_step": 5, "Phase 2 Loss": 1.326797666028142, "Phase 2 COMPOSITE_REFL_10CM": 0.13267976674251258, "_wandb": {"runtime": 353}}