{"Phase 1 Loss": 1.0809164866805077, "Phase 1 COMPOSITE_REFL_10CM": 0.10809164866805077, "_timestamp": 1716558078.2934966, "_runtime": 360.5483486652374, "_step": 5, "Phase 2 Loss": 0.8833677037619054, "Phase 2 COMPOSITE_REFL_10CM": 0.08833677042275667, "_wandb": {"runtime": 360}}