{"Phase 1 Loss": 0.569339457899332, "Phase 1 COMPOSITE_REFL_10CM": 0.056934293534141034, "_timestamp": 1716493763.0051417, "_runtime": 589.9644477367401, "_step": 9, "Phase 2 Loss": 0.41850292426533997, "Phase 2 COMPOSITE_REFL_10CM": 0.04185239513753913, "_wandb": {"runtime": 590}}