{"Phase 1 Loss": 10.0, "Phase 1 COMPOSITE_REFL_10CM": 1.0, "_timestamp": 1716410091.117838, "_runtime": 70.18538880348206, "_step": 0, "_wandb": {"runtime": 71}}