{"Phase 1 Loss": 0.7572987861931324, "Phase 1 COMPOSITE_REFL_10CM": 0.07572987861931324, "_timestamp": 1716561539.9657362, "_runtime": 839.4639971256256, "_step": 14, "Phase 2 Loss": 0.818527857773006, "Phase 2 COMPOSITE_REFL_10CM": 0.0818527857773006, "_wandb": {"runtime": 848}}