{"Phase 1 Loss": 2.9483781177550554, "Phase 1 COMPOSITE_REFL_10CM": 0.29483781405724585, "_timestamp": 1716600375.7621608, "_runtime": 1077.595815896988, "_step": 19, "Phase 2 Loss": 2.3096136720851064, "Phase 2 COMPOSITE_REFL_10CM": 0.23096136713866144, "_wandb": {"runtime": 1078}}