{"Phase 1 Loss": 1.2843259703367949, "Phase 1 COMPOSITE_REFL_10CM": 0.1284311128547415, "_timestamp": 1716494687.0777478, "_runtime": 542.4345877170563, "_step": 9, "Phase 2 Loss": 0.8251328114420176, "Phase 2 COMPOSITE_REFL_10CM": 0.08250536426203325, "_wandb": {"runtime": 542}}