{"Phase 1 Loss": 4.423572763800621, "Phase 1 COMPOSITE_REFL_10CM": 0.44235727726481855, "_timestamp": 1716375088.967445, "_runtime": 395.82266783714294, "_step": 6, "Phase 2 Loss": 3.8758057206869125, "Phase 2 COMPOSITE_REFL_10CM": 0.38758057076483965, "_wandb": {"runtime": 398}}